name,phone,email,country,region,text
Todd Perry,1-156-556-2385,enim.nisl@outlook.ca,Mexico,Gauteng,Etiam vestibulum massa rutrum magna. Cras convallis convallis dolor. Quisque
Jolie Kane,(670) 378-7167,mollis.phasellus.libero@google.couk,Italy,North Region,"Aliquam tincidunt, nunc ac mattis ornare, lectus ante dictum mi,"
Madaline Alexander,1-881-574-0332,est.arcu@protonmail.couk,Singapore,FATA,In scelerisque scelerisque dui. Suspendisse ac metus vitae velit egestas
Scarlett Wade,(401) 463-4234,in.cursus@icloud.couk,Netherlands,North Island,tincidunt vehicula risus. Nulla eget metus eu erat semper rutrum.
Lyle Salazar,1-846-711-7723,integer.tincidunt.aliquam@hotmail.com,Vietnam,Lima,"placerat eget, venenatis a, magna. Lorem ipsum dolor sit amet,"
Harlan Holden,(690) 978-8617,molestie@google.couk,Vietnam,Opolskie,gravida molestie arcu. Sed eu nibh vulputate mauris sagittis placerat.
Jin Cleveland,1-810-753-6456,metus.facilisis.lorem@google.couk,Philippines,Vermont,"Quisque imperdiet, erat nonummy ultricies ornare, elit elit fermentum risus,"
Alden Dillon,(594) 494-8713,fames.ac.turpis@aol.edu,Germany,Gauteng,"Mauris vestibulum, neque sed dictum eleifend, nunc risus varius orci,"
Darrel Hanson,1-238-655-4124,in.faucibus@hotmail.net,Canada,Cajamarca,Morbi non sapien molestie orci tincidunt adipiscing. Mauris molestie pharetra
Dolan Mccullough,(603) 255-7608,et.libero@google.ca,Sweden,New South Wales,ipsum. Suspendisse sagittis. Nullam vitae diam. Proin dolor. Nulla semper
Salvador Glover,(575) 447-4968,nunc.mauris@outlook.net,China,South Chungcheong,posuere cubilia Curae Donec tincidunt. Donec vitae erat vel pede
Damian Poole,(206) 597-5437,neque.venenatis.lacus@hotmail.com,United States,Meghalaya,"rutrum non, hendrerit id, ante. Nunc mauris sapien, cursus in,"
Stephanie Shannon,1-155-385-0744,pede.malesuada@icloud.net,South Korea,Extremadura,vel lectus. Cum sociis natoque penatibus et magnis dis parturient
Bethany Wright,(511) 483-2832,ipsum.non.arcu@protonmail.net,France,Kogi,feugiat placerat velit. Quisque varius. Nam porttitor scelerisque neque. Nullam
Ann Rose,(231) 161-2666,eros.turpis.non@outlook.edu,Sweden,Risaralda,"sociis natoque penatibus et magnis dis parturient montes, nascetur ridiculus"
Patrick Blevins,(576) 234-5398,erat.volutpat@google.edu,Sweden,Limousin,"tincidunt, neque vitae semper egestas, urna justo faucibus lectus, a"
Donovan Dawson,(655) 755-3542,a.sollicitudin@yahoo.net,United Kingdom,Caldas,"et, commodo at, libero. Morbi accumsan laoreet ipsum. Curabitur consequat,"
Roth Maxwell,(446) 893-7343,porttitor@hotmail.couk,Sweden,Chocó,"Suspendisse non leo. Vivamus nibh dolor, nonummy ac, feugiat non,"
Sylvester Matthews,(756) 796-6409,vel.vulputate@aol.net,United States,Araucanía,"sociis natoque penatibus et magnis dis parturient montes, nascetur ridiculus"
Brittany Christian,1-330-774-6979,sed@google.couk,Poland,La Rioja,arcu. Morbi sit amet massa. Quisque porttitor eros nec tellus.
Griffith Tillman,1-367-815-8168,proin.eget@yahoo.net,Norway,East Region,in consequat enim diam vel arcu. Curabitur ut odio vel
Knox Le,(337) 560-6013,lorem.ut@yahoo.ca,Pakistan,Sonora,"fringilla, porttitor vulputate, posuere vulputate, lacus. Cras interdum. Nunc sollicitudin"
Genevieve Houston,(532) 463-8614,enim@hotmail.edu,Costa Rica,Kayseri,Sed id risus quis diam luctus lobortis. Class aptent taciti
Clayton Small,(468) 741-4278,ac.libero@hotmail.couk,Colombia,Limburg,"nisl sem, consequat nec, mollis vitae, posuere at, velit. Cras"
Violet Joseph,1-411-458-9275,justo.praesent.luctus@aol.org,Netherlands,Zamboanga Peninsula,massa. Vestibulum accumsan neque et nunc. Quisque ornare tortor at
Lila Jones,1-958-849-7488,ac@outlook.org,New Zealand,South Island,"commodo tincidunt nibh. Phasellus nulla. Integer vulputate, risus a ultricies"
Jemima Delacruz,(952) 614-5811,dictum.mi.ac@google.net,Spain,Mersin,"velit in aliquet lobortis, nisi nibh lacinia orci, consectetuer euismod"
Malachi Griffith,(713) 318-4111,venenatis@google.ca,Ireland,South Island,"porttitor tellus non magna. Nam ligula elit, pretium et, rutrum"
Velma Arnold,1-365-312-1458,egestas.a@yahoo.edu,New Zealand,North Jeolla,vitae mauris sit amet lorem semper auctor. Mauris vel turpis.
Bell Webster,(354) 357-7218,per.inceptos@outlook.net,Italy,Veneto,Aliquam vulputate ullamcorper magna. Sed eu eros. Nam consequat dolor
Timothy Albert,1-560-452-6458,velit.quisque@protonmail.com,Norway,Moscow City,"pede, ultrices a, auctor non, feugiat nec, diam. Duis mi"
Carly Daniel,1-532-820-5630,nisi.magna@google.ca,Russian Federation,Newfoundland and Labrador,ipsum primis in faucibus orci luctus et ultrices posuere cubilia
Melanie Patrick,1-591-343-4735,elit.pellentesque@yahoo.com,South Africa,Nordrhein-Westphalen,mauris sit amet lorem semper auctor. Mauris vel turpis. Aliquam
Emerald Trevino,1-268-227-3336,imperdiet.dictum.magna@hotmail.org,Spain,Puglia,"semper egestas, urna justo faucibus lectus, a sollicitudin orci sem"
Lance Wade,1-574-194-1742,nam@outlook.com,Mexico,Connecticut,"mi. Aliquam gravida mauris ut mi. Duis risus odio, auctor"
Wang Wolfe,(815) 763-6320,feugiat.lorem.ipsum@yahoo.couk,Colombia,Aragón,Proin eget odio. Aliquam vulputate ullamcorper magna. Sed eu eros.
Nathaniel Roberson,(966) 387-2359,in@aol.couk,Norway,Innlandet,"vel turpis. Aliquam adipiscing lobortis risus. In mi pede, nonummy"
Katell Rios,(894) 211-1217,ac.eleifend@icloud.net,Italy,Huáběi,"magna. Ut tincidunt orci quis lectus. Nullam suscipit, est ac"
Amena Moses,(586) 412-0861,duis@google.net,Sweden,Styria,"auctor quis, tristique ac, eleifend vitae, erat. Vivamus nisi. Mauris"
Vivian Norman,1-183-742-6845,vel.pede.blandit@outlook.couk,Sweden,Bryansk Oblast,"erat, eget tincidunt dui augue eu tellus. Phasellus elit pede,"
Xaviera Mcknight,1-440-203-8635,molestie@yahoo.com,United Kingdom,İzmir,"velit dui, semper et, lacinia vitae, sodales at, velit. Pellentesque"
Linus Cline,(573) 769-7603,ac.turpis@google.com,Austria,Guainía,lobortis. Class aptent taciti sociosqu ad litora torquent per conubia
Baker Neal,1-571-622-6912,vulputate.nisi@google.ca,Pakistan,Bayern,eros. Proin ultrices. Duis volutpat nunc sit amet metus. Aliquam
Rama Williams,(348) 653-1157,phasellus.fermentum@aol.edu,Poland,Yukon,lobortis quam a felis ullamcorper viverra. Maecenas iaculis aliquet diam.
Ifeoma Whitfield,(487) 918-3131,accumsan.laoreet.ipsum@hotmail.couk,New Zealand,Ontario,"erat, eget tincidunt dui augue eu tellus. Phasellus elit pede,"
Minerva Alexander,(319) 657-3251,nascetur@icloud.couk,United Kingdom,Kujawsko-pomorskie,erat. Vivamus nisi. Mauris nulla. Integer urna. Vivamus molestie dapibus
Jared Velez,1-769-662-1342,justo.proin@icloud.org,Australia,San José,"Curabitur ut odio vel est tempor bibendum. Donec felis orci,"
Benedict Solomon,(822) 154-4456,sagittis@aol.org,South Africa,Dolnośląskie,"egestas lacinia. Sed congue, elit sed consequat auctor, nunc nulla"
Nora Marsh,1-666-587-5299,luctus@icloud.ca,Mexico,Thái Bình,Donec dignissim magna a tortor. Nunc commodo auctor velit. Aliquam
Cathleen Reynolds,1-761-568-8973,eros.non@outlook.com,France,Illinois,"Curabitur consequat, lectus sit amet luctus vulputate, nisi sem semper"
Ariana Stewart,1-354-371-3230,orci.luctus.et@hotmail.com,Belgium,Eastern Cape,eu enim. Etiam imperdiet dictum magna. Ut tincidunt orci quis
Justina Powell,1-732-127-4373,rutrum.justo@google.ca,Colombia,Troms og Finnmark,"enim, gravida sit amet, dapibus id, blandit at, nisi. Cum"
Cherokee Schroeder,1-468-342-0268,sit.amet@hotmail.edu,Nigeria,Hamburg,"eget metus eu erat semper rutrum. Fusce dolor quam, elementum"
Judah Harrington,1-332-833-3562,erat@google.com,Chile,Meta,"lacus pede sagittis augue, eu tempor erat neque non quam."
Keelie Wilkerson,1-785-418-2535,odio@aol.edu,Nigeria,North Island,"purus ac tellus. Suspendisse sed dolor. Fusce mi lorem, vehicula"
Demetria Santos,1-367-225-3654,dictum.magna.ut@icloud.com,Turkey,Pays de la Loire,tristique senectus et netus et malesuada fames ac turpis egestas.
Honorato Mathis,(804) 321-4857,eros.non.enim@aol.couk,France,Punjab,arcu eu odio tristique pharetra. Quisque ac libero nec ligula
Quyn Dixon,(381) 545-7411,in.consequat.enim@hotmail.ca,Ukraine,Central Region,"egestas a, scelerisque sed, sapien. Nunc pulvinar arcu et pede."
Allegra Spence,1-678-624-5522,odio.tristique@hotmail.net,Netherlands,Alberta,"ipsum. Suspendisse non leo. Vivamus nibh dolor, nonummy ac, feugiat"
Aurora Goodman,(967) 457-6845,venenatis.vel@protonmail.net,Singapore,New South Wales,Phasellus fermentum convallis ligula. Donec luctus aliquet odio. Etiam ligula
Aristotle Owens,1-898-146-6125,eu.sem@icloud.net,Turkey,Coahuila,molestie tortor nibh sit amet orci. Ut sagittis lobortis mauris.
Owen Little,(448) 390-6114,et.rutrum@outlook.net,India,New South Wales,"Nullam enim. Sed nulla ante, iaculis nec, eleifend non, dapibus"
Brandon Rosales,1-496-586-8529,vel.turpis@icloud.net,Ireland,Gävleborgs län,"elit fermentum risus, at fringilla purus mauris a nunc. In"
Lenore Sims,(941) 522-1872,vitae@aol.net,Austria,Swiętokrzyskie,eu neque pellentesque massa lobortis ultrices. Vivamus rhoncus. Donec est.
Ryan Bishop,(786) 413-7775,non.lacinia@icloud.couk,Russian Federation,Mexico City,erat neque non quam. Pellentesque habitant morbi tristique senectus et
Robin Juarez,(649) 185-6141,risus@yahoo.couk,Brazil,Cajamarca,nulla at sem molestie sodales. Mauris blandit enim consequat purus.
Cade Frazier,1-937-444-3125,tellus@hotmail.couk,Chile,Mexico City,"commodo ipsum. Suspendisse non leo. Vivamus nibh dolor, nonummy ac,"
Hall Spencer,1-887-547-9450,vitae.erat@icloud.net,Costa Rica,Jigawa,tempor erat neque non quam. Pellentesque habitant morbi tristique senectus
Edward Nolan,1-736-249-2043,nisi.sem.semper@yahoo.net,Belgium,North-East Region,"sit amet, consectetuer adipiscing elit. Curabitur sed tortor. Integer aliquam"
Kessie Lloyd,(729) 560-7513,quis@protonmail.org,Pakistan,Saarland,aliquet. Phasellus fermentum convallis ligula. Donec luctus aliquet odio. Etiam
Leigh Larsen,1-500-641-8216,maecenas.malesuada@hotmail.couk,New Zealand,Utrecht,"velit dui, semper et, lacinia vitae, sodales at, velit. Pellentesque"
Dorian Shaffer,(648) 621-9750,quisque@outlook.com,South Korea,Punjab,"ullamcorper eu, euismod ac, fermentum vel, mauris. Integer sem elit,"
Steel Crosby,(394) 732-8438,nibh@hotmail.couk,South Africa,Connacht,"rhoncus. Donec est. Nunc ullamcorper, velit in aliquet lobortis, nisi"
Sophia Silva,1-712-746-7247,consectetuer.rhoncus@protonmail.edu,Australia,Lubuskie,"Duis cursus, diam at pretium aliquet, metus urna convallis erat,"
Adara Hutchinson,1-678-739-1683,sit.amet.ante@outlook.couk,South Korea,Mpumalanga,nunc sed pede. Cum sociis natoque penatibus et magnis dis
Delilah Benton,(296) 418-8855,pede.sagittis@yahoo.com,Turkey,Kherson oblast,"in, hendrerit consectetuer, cursus et, magna. Praesent interdum ligula eu"
Justin Whitaker,(361) 522-2564,nec@outlook.couk,Germany,Xīběi,"dapibus id, blandit at, nisi. Cum sociis natoque penatibus et"
Katelyn Mccarty,(262) 511-6249,sem.mollis.dui@aol.edu,United Kingdom,Maranhão,"urna convallis erat, eget tincidunt dui augue eu tellus. Phasellus"
Arthur Dotson,1-643-859-9034,a@protonmail.edu,Italy,West Region,"montes, nascetur ridiculus mus. Donec dignissim magna a tortor. Nunc"
Melvin Johnson,1-665-258-3888,volutpat.nulla.facilisis@icloud.com,United Kingdom,Pará,justo. Praesent luctus. Curabitur egestas nunc sed libero. Proin sed
Buckminster Vinson,(478) 521-8497,molestie.pharetra@google.com,Ukraine,Ceuta,turpis egestas. Aliquam fringilla cursus purus. Nullam scelerisque neque sed
Perry Pickett,1-657-950-6563,aenean.sed@protonmail.ca,Ireland,North Maluku,at arcu. Vestibulum ante ipsum primis in faucibus orci luctus
Noel Vinson,1-367-328-5025,est.ac@google.net,Chile,Tarapacá,quis urna. Nunc quis arcu vel quam dignissim pharetra. Nam
Steven Strong,1-372-637-2964,faucibus.orci@yahoo.com,Peru,Andhra Pradesh,"erat, in consectetuer ipsum nunc id enim. Curabitur massa. Vestibulum"
Kermit Delaney,(761) 451-6424,facilisis.facilisis.magna@google.edu,Pakistan,Western Cape,"Aliquam auctor, velit eget laoreet posuere, enim nisl elementum purus,"
Jordan Diaz,(854) 765-3822,risus.odio@hotmail.org,Belgium,Borno,"scelerisque, lorem ipsum sodales purus, in molestie tortor nibh sit"
Honorato Rush,(615) 316-1850,nostra.per.inceptos@hotmail.couk,Russian Federation,Lower Austria,eget magna. Suspendisse tristique neque venenatis lacus. Etiam bibendum fermentum
Colt O'Neill,(149) 456-4821,lacinia.orci.consectetuer@google.net,Ireland,Tarapacá,"id, ante. Nunc mauris sapien, cursus in, hendrerit consectetuer, cursus"
Fritz Carney,1-515-281-8703,suspendisse.dui@google.ca,United States,Vestland,nibh vulputate mauris sagittis placerat. Cras dictum ultricies ligula. Nullam
Kim Winters,1-282-654-7322,sodales.elit@icloud.com,China,Indiana,"amet, consectetuer adipiscing elit. Curabitur sed tortor. Integer aliquam adipiscing"
Kathleen Johnston,1-464-321-1438,dictum@google.net,Sweden,East Region,urna et arcu imperdiet ullamcorper. Duis at lacus. Quisque purus
Kenyon Stephenson,1-567-274-8315,nam.ligula.elit@yahoo.org,Germany,North-East Region,"Cum sociis natoque penatibus et magnis dis parturient montes, nascetur"
Caesar Cook,(862) 225-1545,sodales.mauris@google.ca,Canada,Mpumalanga,"mauris elit, dictum eu, eleifend nec, malesuada ut, sem. Nulla"
Wylie Levine,(857) 773-3246,morbi.non.sapien@google.edu,Belgium,Wisconsin,malesuada. Integer id magna et ipsum cursus vestibulum. Mauris magna.
Lesley Martinez,(849) 513-3498,tellus.faucibus.leo@google.edu,Norway,Arequipa,et malesuada fames ac turpis egestas. Fusce aliquet magna a
Damon Rice,1-627-132-2473,amet@icloud.edu,India,Kon Tum,"pede et risus. Quisque libero lacus, varius et, euismod et,"
Nigel Gardner,1-317-672-9620,fringilla.purus@yahoo.ca,Peru,Rio de Janeiro,"Nullam scelerisque neque sed sem egestas blandit. Nam nulla magna,"
Bernard Goodman,1-713-476-2810,neque@protonmail.com,China,Cartago,"felis eget varius ultrices, mauris ipsum porta elit, a feugiat"
Kiara Koch,(243) 625-6220,non.hendrerit@hotmail.ca,Indonesia,New Brunswick,volutpat nunc sit amet metus. Aliquam erat volutpat. Nulla facilisis.
Stuart Woodard,(684) 384-1884,non.quam@yahoo.couk,China,KwaZulu-Natal,"ipsum porta elit, a feugiat tellus lorem eu metus. In"
